Klasa,Wavelength_um,A_Mean,A_Sigma,A_Mean_minus_sigma,A_Mean_plus_sigma,B_Mean,B_Sigma,B_Mean_minus_sigma,B_Mean_plus_sigma,C_Mean,C_Sigma,C_Mean_minus_sigma,C_Mean_plus_sigma,D_Mean,D_Sigma,D_Mean_minus_sigma,D_Mean_plus_sigma,K_Mean,K_Sigma,K_Mean_minus_sigma,K_Mean_plus_sigma,L_Mean,L_Sigma,L_Mean_minus_sigma,L_Mean_plus_sigma,O_Mean,O_Sigma,O_Mean_minus_sigma,O_Mean_plus_sigma,S_Mean,S_Sigma,S_Mean_minus_sigma,S_Mean_plus_sigma,V_Mean,V_Sigma,V_Mean_minus_sigma,V_Mean_plus_sigma,X_Mean,X_Sigma,X_Mean_minus_sigma,X_Mean_plus_sigma
A,0.45,0.6354735958904111,0.026683568493150685,0.6087900273972604,0.6621571643835618,,,,,,,,,,,,,,,,,,,,,,,,,,,,,,,,,,,,
A,0.5,0.7408280479452055,0.023251034246575344,0.7175770136986301,0.7640790821917809,,,,,,,,,,,,,,,,,,,,,,,,,,,,,,,,,,,,
A,0.55,0.8461825000000001,0.019818499999999996,0.8263640000000001,0.866001,,,,,,,,,,,,,,,,,,,,,,,,,,,,,,,,,,,,
A,0.6,0.9515369520547945,0.01638596575342466,0.9351509863013698,0.9679229178082192,,,,,,,,,,,,,,,,,,,,,,,,,,,,,,,,,,,,
A,0.65,1.0271789714285715,0.016461907142857144,1.0107170642857144,1.0436408785714286,,,,,,,,,,,,,,,,,,,,,,,,,,,,,,,,,,,,
A,0.7,1.0775104,0.019526549999999997,1.05798385,1.09703695,,,,,,,,,,,,,,,,,,,,,,,,,,,,,,,,,,,,
A,0.75,1.1278418285714285,0.022591192857142856,1.1052506357142855,1.1504330214285714,,,,,,,,,,,,,,,,,,,,,,,,,,,,,,,,,,,,
A,0.8,1.1087597066666666,0.02685810666666667,1.0819016,1.1356178133333332,,,,,,,,,,,,,,,,,,,,,,,,,,,,,,,,,,,,
A,0.85,1.06528904,0.031547439999999996,1.0337416,1.09683648,,,,,,,,,,,,,,,,,,,,,,,,,,,,,,,,,,,,
A,0.9,1.0218183733333333,0.03623677333333333,0.9855816,1.0580551466666666,,,,,,,,,,,,,,,,,,,,,,,,,,,,,,,,,,,,
A,0.95,0.9783477066666667,0.04092610666666666,0.9374216000000001,1.0192738133333334,,,,,,,,,,,,,,,,,,,,,,,,,,,,,,,,,,,,
A,1.0,0.93487704,0.04561544,0.8892616000000001,0.98049248,,,,,,,,,,,,,,,,,,,,,,,,,,,,,,,,,,,,
A,1.05,0.8914063733333333,0.050304773333333344,0.8411015999999999,0.9417111466666667,,,,,,,,,,,,,,,,,,,,,,,,,,,,,,,,,,,,
A,1.1,0.8479357066666666,0.05499410666666668,0.7929415999999999,0.9029298133333333,,,,,,,,,,,,,,,,,,,,,,,,,,,,,,,,,,,,
A,1.15,0.8044650400000002,0.05968344,0.7447816000000002,0.8641484800000002,,,,,,,,,,,,,,,,,,,,,,,,,,,,,,,,,,,,
A,1.2,0.7609943733333334,0.06437277333333333,0.6966216000000001,0.8253671466666668,,,,,,,,,,,,,,,,,,,,,,,,,,,,,,,,,,,,
B,0.45,,,,,0.9747277808219178,0.01153532191780822,0.9631924589041095,0.9862631027397261,,,,,,,,,,,,,,,,,,,,,,,,,,,,,,,,
B,0.5,,,,,0.9820318904109588,0.01401991095890411,0.9680119794520547,0.9960518013698629,,,,,,,,,,,,,,,,,,,,,,,,,,,,,,,,
B,0.55,,,,,0.989336,0.016504500000000002,0.9728315,1.0058405,,,,,,,,,,,,,,,,,,,,,,,,,,,,,,,,
B,0.6,,,,,0.9966401095890411,0.01898908904109589,0.9776510205479453,1.0156291986301371,,,,,,,,,,,,,,,,,,,,,,,,,,,,,,,,
B,0.65,,,,,0.9961864428571429,0.024814378571428576,0.9713720642857143,1.0210008214285715,,,,,,,,,,,,,,,,,,,,,,,,,,,,,,,,
B,0.7,,,,,0.9891243000000001,0.033485449999999986,0.95563885,1.02260975,,,,,,,,,,,,,,,,,,,,,,,,,,,,,,,,
B,0.75,,,,,0.9820621571428572,0.042156521428571424,0.9399056357142858,1.0242186785714287,,,,,,,,,,,,,,,,,,,,,,,,,,,,,,,,
B,0.8,,,,,0.96987118,0.050493060000000006,0.9193781200000001,1.0203642400000001,,,,,,,,,,,,,,,,,,,,,,,,,,,,,,,,
B,0.85,,,,,0.95587818,0.058712059999999996,0.8971661200000001,1.01459024,,,,,,,,,,,,,,,,,,,,,,,,,,,,,,,,
B,0.9,,,,,0.9418851800000001,0.06693106,0.8749541200000001,1.00881624,,,,,,,,,,,,,,,,,,,,,,,,,,,,,,,,
B,0.95,,,,,0.9278921800000001,0.07515005999999999,0.85274212,1.00304224,,,,,,,,,,,,,,,,,,,,,,,,,,,,,,,,
B,1.0,,,,,0.91389918,0.08336906,0.83053012,0.99726824,,,,,,,,,,,,,,,,,,,,,,,,,,,,,,,,
B,1.05,,,,,0.8999061800000001,0.09158806,0.8083181200000001,0.9914942400000001,,,,,,,,,,,,,,,,,,,,,,,,,,,,,,,,
B,1.1,,,,,0.8859131800000001,0.09980706000000002,0.78610612,0.9857202400000001,,,,,,,,,,,,,,,,,,,,,,,,,,,,,,,,
B,1.15,,,,,0.8719201800000002,0.10802605999999998,0.7638941200000002,0.9799462400000001,,,,,,,,,,,,,,,,,,,,,,,,,,,,,,,,
B,1.2,,,,,0.8579271800000001,0.11624505999999998,0.7416821200000001,0.9741722400000001,,,,,,,,,,,,,,,,,,,,,,,,,,,,,,,,
C,0.45,,,,,,,,,0.9572358219178083,0.01864376712328767,0.9385920547945207,0.975879589041096,,,,,,,,,,,,,,,,,,,,,,,,,,,,
C,0.5,,,,,,,,,0.9695954109589041,0.016579383561643835,0.9530160273972603,0.9861747945205479,,,,,,,,,,,,,,,,,,,,,,,,,,,,
C,0.55,,,,,,,,,0.981955,0.014514999999999998,0.9674400000000001,0.99647,,,,,,,,,,,,,,,,,,,,,,,,,,,,
C,0.6,,,,,,,,,0.9943145890410959,0.012450616438356165,0.9818639726027397,1.006765205479452,,,,,,,,,,,,,,,,,,,,,,,,,,,,
C,0.65,,,,,,,,,1.0010477928571428,0.012908278571428573,0.9881395142857142,1.0139560714285714,,,,,,,,,,,,,,,,,,,,,,,,,,,,
C,0.7,,,,,,,,,1.00298815,0.015514349999999996,0.9874738,1.0185024999999999,,,,,,,,,,,,,,,,,,,,,,,,,,,,
C,0.75,,,,,,,,,1.004928507142857,0.018120421428571426,0.9868080857142857,1.0230489285714286,,,,,,,,,,,,,,,,,,,,,,,,,,,,
C,0.8,,,,,,,,,1.0032808333333334,0.020172426666666667,0.9831084066666668,1.0234532600000001,,,,,,,,,,,,,,,,,,,,,,,,,,,,
C,0.85,,,,,,,,,1.0003725,0.02202976,0.9783427400000001,1.02240226,,,,,,,,,,,,,,,,,,,,,,,,,,,,
C,0.9,,,,,,,,,0.9974641666666667,0.02388709333333333,0.9735770733333333,1.02135126,,,,,,,,,,,,,,,,,,,,,,,,,,,,
C,0.95,,,,,,,,,0.9945558333333334,0.025744426666666664,0.9688114066666668,1.0203002600000002,,,,,,,,,,,,,,,,,,,,,,,,,,,,
C,1.0,,,,,,,,,0.9916475,0.02760176,0.96404574,1.01924926,,,,,,,,,,,,,,,,,,,,,,,,,,,,
C,1.05,,,,,,,,,0.9887391666666667,0.029459093333333332,0.9592800733333334,1.0181982600000001,,,,,,,,,,,,,,,,,,,,,,,,,,,,
C,1.1,,,,,,,,,0.9858308333333334,0.03131642666666667,0.9545144066666668,1.01714726,,,,,,,,,,,,,,,,,,,,,,,,,,,,
C,1.15,,,,,,,,,0.9829225,0.03317376,0.94974874,1.01609626,,,,,,,,,,,,,,,,,,,,,,,,,,,,
C,1.2,,,,,,,,,0.9800141666666667,0.03503109333333333,0.9449830733333334,1.0150452600000002,,,,,,,,,,,,,,,,,,,,,,,,,,,,
D,0.45,,,,,,,,,,,,,0.8491570342465754,0.03471237671232877,0.8144446575342467,0.8838694109589041,,,,,,,,,,,,,,,,,,,,,,,,
D,0.5,,,,,,,,,,,,,0.8927532671232877,0.030820938356164382,0.8619323287671233,0.9235742054794521,,,,,,,,,,,,,,,,,,,,,,,,
D,0.55,,,,,,,,,,,,,0.9363495000000001,0.026929499999999995,0.9094200000000001,0.963279,,,,,,,,,,,,,,,,,,,,,,,,
D,0.6,,,,,,,,,,,,,0.9799457328767123,0.023038061643835615,0.9569076712328767,1.002983794520548,,,,,,,,,,,,,,,,,,,,,,,,
D,0.65,,,,,,,,,,,,,1.0204164357142858,0.028384678571428575,0.9920317571428572,1.0488011142857143,,,,,,,,,,,,,,,,,,,,,,,,
D,0.7,,,,,,,,,,,,,1.05822465,0.041600749999999985,1.0166239000000001,1.0998254,,,,,,,,,,,,,,,,,,,,,,,,
D,0.75,,,,,,,,,,,,,1.0960328642857142,0.05481682142857143,1.0412160428571429,1.1508496857142856,,,,,,,,,,,,,,,,,,,,,,,,
D,0.8,,,,,,,,,,,,,1.13024748,0.06818429333333334,1.0620631866666665,1.1984317733333334,,,,,,,,,,,,,,,,,,,,,,,,
D,0.85,,,,,,,,,,,,,1.16319948,0.08160495999999999,1.0815945200000001,1.24480444,,,,,,,,,,,,,,,,,,,,,,,,
D,0.9,,,,,,,,,,,,,1.1961514800000002,0.09502562666666667,1.1011258533333335,1.2911771066666669,,,,,,,,,,,,,,,,,,,,,,,,
D,0.95,,,,,,,,,,,,,1.22910348,0.10844629333333332,1.1206571866666668,1.3375497733333332,,,,,,,,,,,,,,,,,,,,,,,,
D,1.0,,,,,,,,,,,,,1.2620554800000001,0.12186696,1.1401885200000001,1.38392244,,,,,,,,,,,,,,,,,,,,,,,,
D,1.05,,,,,,,,,,,,,1.2950074800000002,0.13528762666666666,1.1597198533333335,1.430295106666667,,,,,,,,,,,,,,,,,,,,,,,,
D,1.1,,,,,,,,,,,,,1.32795948,0.14870829333333335,1.1792511866666668,1.4766677733333333,,,,,,,,,,,,,,,,,,,,,,,,
D,1.15,,,,,,,,,,,,,1.3609114800000002,0.16212896,1.1987825200000002,1.5230404400000002,,,,,,,,,,,,,,,,,,,,,,,,
D,1.2,,,,,,,,,,,,,1.39386348,0.17554962666666665,1.2183138533333333,1.5694131066666668,,,,,,,,,,,,,,,,,,,,,,,,
K,0.45,,,,,,,,,,,,,,,,,0.8294433287671233,0.02243781506849315,0.8070055136986302,0.8518811438356165,,,,,,,,,,,,,,,,,,,,
K,0.5,,,,,,,,,,,,,,,,,0.8787371643835616,0.021738157534246575,0.8569990068493151,0.9004753219178082,,,,,,,,,,,,,,,,,,,,
K,0.55,,,,,,,,,,,,,,,,,0.928031,0.021038499999999998,0.9069925000000001,0.9490695,,,,,,,,,,,,,,,,,,,,
K,0.6,,,,,,,,,,,,,,,,,0.9773248356164383,0.020338842465753425,0.9569859931506849,0.9976636780821918,,,,,,,,,,,,,,,,,,,,
K,0.65,,,,,,,,,,,,,,,,,1.0137921785714286,0.023651007142857144,0.9901411714285714,1.0374431857142856,,,,,,,,,,,,,,,,,,,,
K,0.7,,,,,,,,,,,,,,,,,1.0393332499999999,0.030380649999999995,1.0089526,1.0697138999999998,,,,,,,,,,,,,,,,,,,,
K,0.75,,,,,,,,,,,,,,,,,1.0648743214285714,0.03711029285714286,1.0277640285714285,1.1019846142857144,,,,,,,,,,,,,,,,,,,,
K,0.8,,,,,,,,,,,,,,,,,1.0588074733333332,0.03944336666666667,1.0193641066666665,1.09825084,,,,,,,,,,,,,,,,,,,,
K,0.85,,,,,,,,,,,,,,,,,1.04163514,0.040231699999999995,1.0014034399999998,1.08186684,,,,,,,,,,,,,,,,,,,,
K,0.9,,,,,,,,,,,,,,,,,1.0244628066666666,0.04102003333333333,0.9834427733333332,1.0654828399999998,,,,,,,,,,,,,,,,,,,,
K,0.95,,,,,,,,,,,,,,,,,1.0072904733333332,0.041808366666666666,0.9654821066666666,1.0490988399999999,,,,,,,,,,,,,,,,,,,,
K,1.0,,,,,,,,,,,,,,,,,0.99011814,0.042596699999999994,0.9475214399999999,1.03271484,,,,,,,,,,,,,,,,,,,,
K,1.05,,,,,,,,,,,,,,,,,0.9729458066666666,0.04338503333333333,0.9295607733333333,1.01633084,,,,,,,,,,,,,,,,,,,,
K,1.1,,,,,,,,,,,,,,,,,0.9557734733333333,0.044173366666666665,0.9116001066666666,0.99994684,,,,,,,,,,,,,,,,,,,,
K,1.15,,,,,,,,,,,,,,,,,0.93860114,0.04496169999999999,0.89363944,0.9835628399999999,,,,,,,,,,,,,,,,,,,,
K,1.2,,,,,,,,,,,,,,,,,0.9214288066666666,0.04575003333333333,0.8756787733333333,0.9671788399999999,,,,,,,,,,,,,,,,,,,,
L,0.45,,,,,,,,,,,,,,,,,,,,,0.7678446643835617,0.038905842465753425,0.7289388219178082,0.8067505068493152,,,,,,,,,,,,,,,,
L,0.5,,,,,,,,,,,,,,,,,,,,,0.8349415821917808,0.035743171232876715,0.7991984109589041,0.8706847534246576,,,,,,,,,,,,,,,,
L,0.55,,,,,,,,,,,,,,,,,,,,,0.9020385000000001,0.0325805,0.8694580000000001,0.9346190000000001,,,,,,,,,,,,,,,,
L,0.6,,,,,,,,,,,,,,,,,,,,,0.9691354178082192,0.02941782876712329,0.9397175890410959,0.9985532465753425,,,,,,,,,,,,,,,,
L,0.65,,,,,,,,,,,,,,,,,,,,,1.0207624214285713,0.033086057142857145,0.9876763642857141,1.0538484785714284,,,,,,,,,,,,,,,,
L,0.7,,,,,,,,,,,,,,,,,,,,,1.05921135,0.04257319999999999,1.01663815,1.10178455,,,,,,,,,,,,,,,,
L,0.75,,,,,,,,,,,,,,,,,,,,,1.0976602785714284,0.05206034285714285,1.0455999357142856,1.1497206214285713,,,,,,,,,,,,,,,,
L,0.8,,,,,,,,,,,,,,,,,,,,,1.1072939066666665,0.05125521333333333,1.0560386933333332,1.1585491199999998,,,,,,,,,,,,,,,,
L,0.85,,,,,,,,,,,,,,,,,,,,,1.1068032399999999,0.04683388000000001,1.0599693599999997,1.15363712,,,,,,,,,,,,,,,,
L,0.9,,,,,,,,,,,,,,,,,,,,,1.1063125733333332,0.04241254666666667,1.0639000266666665,1.14872512,,,,,,,,,,,,,,,,
L,0.95,,,,,,,,,,,,,,,,,,,,,1.1058219066666666,0.03799121333333334,1.0678306933333332,1.14381312,,,,,,,,,,,,,,,,
L,1.0,,,,,,,,,,,,,,,,,,,,,1.10533124,0.03356988000000001,1.07176136,1.1389011199999999,,,,,,,,,,,,,,,,
L,1.05,,,,,,,,,,,,,,,,,,,,,1.1048405733333333,0.02914854666666667,1.0756920266666665,1.13398912,,,,,,,,,,,,,,,,
L,1.1,,,,,,,,,,,,,,,,,,,,,1.1043499066666667,0.024727213333333335,1.0796226933333333,1.12907712,,,,,,,,,,,,,,,,
L,1.15,,,,,,,,,,,,,,,,,,,,,1.10385924,0.02030588000000002,1.08355336,1.12416512,,,,,,,,,,,,,,,,
L,1.2,,,,,,,,,,,,,,,,,,,,,1.1033685733333334,0.015884546666666683,1.0874840266666668,1.11925312,,,,,,,,,,,,,,,,
O,0.45,,,,,,,,,,,,,,,,,,,,,,,,,0.8910206643835616,0.0,0.8910206643835616,0.8910206643835616,,,,,,,,,,,,
O,0.5,,,,,,,,,,,,,,,,,,,,,,,,,0.9225175821917808,0.0,0.9225175821917808,0.9225175821917808,,,,,,,,,,,,
O,0.55,,,,,,,,,,,,,,,,,,,,,,,,,0.9540145,0.0,0.9540145,0.9540145,,,,,,,,,,,,
O,0.6,,,,,,,,,,,,,,,,,,,,,,,,,0.9855114178082192,0.0,0.9855114178082192,0.9855114178082192,,,,,,,,,,,,
O,0.65,,,,,,,,,,,,,,,,,,,,,,,,,1.0026598857142857,0.0,1.0026598857142857,1.0026598857142857,,,,,,,,,,,,
O,0.7,,,,,,,,,,,,,,,,,,,,,,,,,1.0075856,0.0,1.0075856,1.0075856,,,,,,,,,,,,
O,0.75,,,,,,,,,,,,,,,,,,,,,,,,,1.0125113142857143,0.0,1.0125113142857143,1.0125113142857143,,,,,,,,,,,,
O,0.8,,,,,,,,,,,,,,,,,,,,,,,,,0.9448370733333333,0.0,0.9448370733333333,0.9448370733333333,,,,,,,,,,,,
O,0.85,,,,,,,,,,,,,,,,,,,,,,,,,0.8516547400000001,0.0,0.8516547400000001,0.8516547400000001,,,,,,,,,,,,
O,0.9,,,,,,,,,,,,,,,,,,,,,,,,,0.7584724066666667,0.0,0.7584724066666667,0.7584724066666667,,,,,,,,,,,,
O,0.95,,,,,,,,,,,,,,,,,,,,,,,,,0.6652900733333336,0.0,0.6652900733333336,0.6652900733333336,,,,,,,,,,,,
O,1.0,,,,,,,,,,,,,,,,,,,,,,,,,0.5721077400000001,0.0,0.5721077400000001,0.5721077400000001,,,,,,,,,,,,
O,1.05,,,,,,,,,,,,,,,,,,,,,,,,,0.4789254066666667,0.0,0.4789254066666667,0.4789254066666667,,,,,,,,,,,,
O,1.1,,,,,,,,,,,,,,,,,,,,,,,,,0.38574307333333335,0.0,0.38574307333333335,0.38574307333333335,,,,,,,,,,,,
O,1.15,,,,,,,,,,,,,,,,,,,,,,,,,0.2925607400000004,0.0,0.2925607400000004,0.2925607400000004,,,,,,,,,,,,
O,1.2,,,,,,,,,,,,,,,,,,,,,,,,,0.19937840666666695,0.0,0.19937840666666695,0.19937840666666695,,,,,,,,,,,,
S,0.45,,,,,,,,,,,,,,,,,,,,,,,,,,,,,0.7664298561643836,0.02917954794520548,0.7372503082191781,0.7956094041095891,,,,,,,,
S,0.5,,,,,,,,,,,,,,,,,,,,,,,,,,,,,0.8339356780821918,0.02736927397260274,0.8065664041095891,0.8613049520547945,,,,,,,,
S,0.55,,,,,,,,,,,,,,,,,,,,,,,,,,,,,0.9014415000000001,0.025559,0.8758825000000001,0.9270005000000001,,,,,,,,
S,0.6,,,,,,,,,,,,,,,,,,,,,,,,,,,,,0.9689473219178082,0.02374872602739726,0.9451985958904109,0.9926960479452055,,,,,,,,
S,0.65,,,,,,,,,,,,,,,,,,,,,,,,,,,,,1.0199665,0.027036200000000003,0.9929303,1.0470027,,,,,,,,
S,0.7,,,,,,,,,,,,,,,,,,,,,,,,,,,,,1.0569415,0.034666199999999994,1.0222753,1.0916077,,,,,,,,
S,0.75,,,,,,,,,,,,,,,,,,,,,,,,,,,,,1.0939165,0.04229619999999999,1.0516203,1.1362127,,,,,,,,
S,0.8,,,,,,,,,,,,,,,,,,,,,,,,,,,,,1.0770397266666665,0.046773553333333336,1.0302661733333331,1.1238132799999998,,,,,,,,
S,0.85,,,,,,,,,,,,,,,,,,,,,,,,,,,,,1.04124206,0.050143219999999995,0.99109884,1.0913852800000001,,,,,,,,
S,0.9,,,,,,,,,,,,,,,,,,,,,,,,,,,,,1.0054443933333335,0.05351288666666666,0.9519315066666668,1.0589572800000002,,,,,,,,
S,0.95,,,,,,,,,,,,,,,,,,,,,,,,,,,,,0.9696467266666668,0.05688255333333333,0.9127641733333335,1.02652928,,,,,,,,
S,1.0,,,,,,,,,,,,,,,,,,,,,,,,,,,,,0.9338490600000001,0.060252219999999995,0.8735968400000002,0.9941012800000001,,,,,,,,
S,1.05,,,,,,,,,,,,,,,,,,,,,,,,,,,,,0.8980513933333335,0.06362188666666667,0.8344295066666668,0.9616732800000002,,,,,,,,
S,1.1,,,,,,,,,,,,,,,,,,,,,,,,,,,,,0.8622537266666669,0.06699155333333333,0.7952621733333336,0.9292452800000002,,,,,,,,
S,1.15,,,,,,,,,,,,,,,,,,,,,,,,,,,,,0.8264560600000004,0.07036121999999999,0.7560948400000004,0.8968172800000004,,,,,,,,
S,1.2,,,,,,,,,,,,,,,,,,,,,,,,,,,,,0.7906583933333338,0.07373088666666666,0.7169275066666672,0.8643892800000004,,,,,,,,
V,0.45,,,,,,,,,,,,,,,,,,,,,,,,,,,,,,,,,0.7260047328767123,0.04017472602739726,0.685830006849315,0.7661794589041095,,,,
V,0.5,,,,,,,,,,,,,,,,,,,,,,,,,,,,,,,,,0.8051941164383561,0.035854863013698626,0.7693392534246575,0.8410489794520548,,,,
V,0.55,,,,,,,,,,,,,,,,,,,,,,,,,,,,,,,,,0.8843835000000001,0.031534999999999994,0.8528485000000001,0.9159185000000001,,,,
V,0.6,,,,,,,,,,,,,,,,,,,,,,,,,,,,,,,,,0.9635728835616438,0.02721513698630137,0.9363577465753424,0.9907880205479452,,,,
V,0.65,,,,,,,,,,,,,,,,,,,,,,,,,,,,,,,,,1.0191742428571429,0.030563200000000006,0.9886110428571429,1.0497374428571429,,,,
V,0.7,,,,,,,,,,,,,,,,,,,,,,,,,,,,,,,,,1.0546821,0.04044319999999999,1.0142389,1.0951252999999999,,,,
V,0.75,,,,,,,,,,,,,,,,,,,,,,,,,,,,,,,,,1.090189957142857,0.0503232,1.039866757142857,1.140513157142857,,,,
V,0.8,,,,,,,,,,,,,,,,,,,,,,,,,,,,,,,,,0.9992768133333332,0.062105246666666676,0.9371715666666665,1.06138206,,,,
V,0.85,,,,,,,,,,,,,,,,,,,,,,,,,,,,,,,,,0.8639454800000002,0.07455558,0.7893899000000002,0.9385010600000001,,,,
V,0.9,,,,,,,,,,,,,,,,,,,,,,,,,,,,,,,,,0.7286141466666667,0.08700591333333334,0.6416082333333334,0.81562006,,,,
V,0.95,,,,,,,,,,,,,,,,,,,,,,,,,,,,,,,,,0.5932828133333337,0.09945624666666665,0.493826566666667,0.6927390600000003,,,,
V,1.0,,,,,,,,,,,,,,,,,,,,,,,,,,,,,,,,,0.45795148000000024,0.11190657999999999,0.34604490000000027,0.5698580600000003,,,,
V,1.05,,,,,,,,,,,,,,,,,,,,,,,,,,,,,,,,,0.32262014666666683,0.12435691333333335,0.19826323333333348,0.44697706000000015,,,,
V,1.1,,,,,,,,,,,,,,,,,,,,,,,,,,,,,,,,,0.18728881333333347,0.1368072466666667,0.05048156666666678,0.32409606000000013,,,,
V,1.15,,,,,,,,,,,,,,,,,,,,,,,,,,,,,,,,,0.051957480000000666,0.14925757999999997,-0.0973000999999993,0.20121506000000064,,,,
V,1.2,,,,,,,,,,,,,,,,,,,,,,,,,,,,,,,,,-0.08337385333333269,0.16170791333333331,-0.245081766666666,0.07833406000000062,,,,
X,0.45,,,,,,,,,,,,,,,,,,,,,,,,,,,,,,,,,,,,,0.9333286438356164,0.02351794520547945,0.909810698630137,0.9568465890410959
X,0.5,,,,,,,,,,,,,,,,,,,,,,,,,,,,,,,,,,,,,0.9525978219178082,0.018693972602739726,0.9339038493150684,0.9712917945205479
X,0.55,,,,,,,,,,,,,,,,,,,,,,,,,,,,,,,,,,,,,0.971867,0.013869999999999993,0.957997,0.9857370000000001
X,0.6,,,,,,,,,,,,,,,,,,,,,,,,,,,,,,,,,,,,,0.9911361780821918,0.009046027397260275,0.9820901506849316,1.000182205479452
X,0.65,,,,,,,,,,,,,,,,,,,,,,,,,,,,,,,,,,,,,1.0098297357142858,0.008665892857142858,1.001163842857143,1.0184956285714286
X,0.7,,,,,,,,,,,,,,,,,,,,,,,,,,,,,,,,,,,,,1.02803295,0.012071249999999999,1.0159617,1.0401042
X,0.75,,,,,,,,,,,,,,,,,,,,,,,,,,,,,,,,,,,,,1.0462361642857143,0.015476607142857144,1.0307595571428572,1.0617127714285715
X,0.8,,,,,,,,,,,,,,,,,,,,,,,,,,,,,,,,,,,,,1.06073478,0.020001073333333338,1.0407337066666666,1.0807358533333333
X,0.85,,,,,,,,,,,,,,,,,,,,,,,,,,,,,,,,,,,,,1.07393178,0.024918739999999995,1.04901304,1.0988505199999998
X,0.9,,,,,,,,,,,,,,,,,,,,,,,,,,,,,,,,,,,,,1.08712878,0.029836406666666666,1.0572923733333333,1.1169651866666668
X,0.95,,,,,,,,,,,,,,,,,,,,,,,,,,,,,,,,,,,,,1.10032578,0.03475407333333332,1.0655717066666666,1.1350798533333333
X,1.0,,,,,,,,,,,,,,,,,,,,,,,,,,,,,,,,,,,,,1.1135227799999998,0.03967174,1.0738510399999999,1.1531945199999998
X,1.05,,,,,,,,,,,,,,,,,,,,,,,,,,,,,,,,,,,,,1.12671978,0.044589406666666664,1.0821303733333334,1.1713091866666665
X,1.1,,,,,,,,,,,,,,,,,,,,,,,,,,,,,,,,,,,,,1.1399167799999999,0.04950707333333333,1.0904097066666665,1.1894238533333332
X,1.15,,,,,,,,,,,,,,,,,,,,,,,,,,,,,,,,,,,,,1.1531137799999998,0.054424739999999985,1.0986890399999998,1.2075385199999997
X,1.2,,,,,,,,,,,,,,,,,,,,,,,,,,,,,,,,,,,,,1.1663107799999999,0.05934240666666665,1.1069683733333333,1.2256531866666664
